node,degree_centrality,betweenness_centrality,eigenvector_centrality
Littlefield1994Code_and_Context:,0.14285714285714285,0.0,
Hermann1995Towards_a_New,0.2857142857142857,0.0,0.0014519631125790547
Roeder1993Toward_a_Semiotic,0.14285714285714285,0.0,
Demske1995On_Considering_a,0.14285714285714285,0.0,0.7071060358259995
Robison1995Category_Structures_and,0.14285714285714285,0.0,
Zbikowski1995Theories_of_Categorization,0.2857142857142857,0.0,
"Zbikowski1995Response_to_Robison,",0.14285714285714285,0.0,
Rahn1994From_Similarity_to,0.14285714285714285,0.0,0.7071060358259995
